[{"id":3009473,"parent_id":null,"name":"Beard","type":"category","x":121,"y":36,"visible":true,"tags":["optional"],"opacity":1,"transform":[],"image":"assets\/231082\/2023\/12\/image_202312111051396576e9bbcf350.png","image_hash":"edf614de14f3c7af63ba1555cecc94746dc7855c","children":[{"id":3009474,"parent_id":3009473,"name":"Layer 86","type":"image","x":127,"y":369,"visible":false,"tags":[],"opacity":1,"transform":[],"image":"assets\/231082\/2023\/12\/image_20231227171511658c5b9fb0447.png","image_hash":"a90c5fb0ff9d9bdb09f4190896d518d7819cb99d"},{"id":3009475,"parent_id":3009473,"name":"Layer 35","type":"image","x":165,"y":380,"visible":false,"tags":[],"opacity":1,"transform":[],"image":"assets\/231082\/2023\/12\/image_202312111051406576e9bc60bb1.png","image_hash":"6ca4a1185104103203a73fc0b723d4c03eac9313"},{"id":3009476,"parent_id":3009473,"name":"Layer 34","type":"image","x":121,"y":368,"visible":false,"tags":[],"opacity":1,"transform":[],"image":"assets\/231082\/2023\/12\/image_202312111051416576e9bd03ba9.png","image_hash":"4ad718c73ce35fa68313ca7d2e781cb03e4f1683"}]},{"id":3009477,"parent_id":null,"name":"Masks","type":"category","x":89,"y":214,"visible":true,"tags":["optional"],"opacity":1,"transform":[],"image":"assets\/231082\/2023\/12\/image_202312111051416576e9bd8fe2a.png","image_hash":"f17eed2a2bfe6ab7bd4355c2b1fd7c0aa1392d28","children":[{"id":3009478,"parent_id":3009477,"name":"Layer 75","type":"image","x":112,"y":281,"visible":false,"tags":[],"opacity":1,"transform":[],"image":"assets\/231082\/2023\/12\/image_20231227171513658c5ba16eb62.png","image_hash":"91f22a711f6f152627c34295e624f30280681a73"},{"id":3009479,"parent_id":3009477,"name":"Layer 57","type":"image","x":102,"y":290,"visible":false,"tags":[],"opacity":1,"transform":[],"image":"assets\/231082\/2023\/12\/image_20231227171514658c5ba20d5bf.png","image_hash":"aa52f632eb83c0d67e42550b5c5f337089df5f67"},{"id":3009480,"parent_id":3009477,"name":"Layer 18","type":"image","x":89,"y":214,"visible":false,"tags":[],"opacity":1,"transform":[],"image":"assets\/231082\/2023\/12\/image_202312111051426576e9be5c2b5.png","image_hash":"40cd0633414e2e85821fee7d76fd03f8f867cc04"}]},{"id":3009481,"parent_id":null,"name":"Hat","type":"category","x":45,"y":39,"visible":true,"tags":["optional"],"opacity":1,"transform":[],"image":"assets\/231082\/2023\/12\/image_202312111051426576e9bee23e4.png","image_hash":"37d61656cf30c5c403c4e0895b8c0457a0b82b56","children":[{"id":3009482,"parent_id":3009481,"name":"Layer 78","type":"image","x":68,"y":192,"visible":false,"tags":[],"opacity":1,"transform":[],"image":"assets\/231082\/2023\/12\/image_20231227171515658c5ba3b557e.png","image_hash":"6c08ac460c6025b145d3760641c1a5f678b0d3c7"},{"id":3009483,"parent_id":3009481,"name":"Layer 73","type":"image","x":53,"y":172,"visible":false,"tags":[],"opacity":1,"transform":[],"image":"assets\/231082\/2023\/12\/image_20231227171516658c5ba456378.png","image_hash":"3c92823083b59983c4b3ed6f8e0d2e5bc7658d67"},{"id":3009484,"parent_id":3009481,"name":"Layer 72","type":"image","x":49,"y":169,"visible":false,"tags":[],"opacity":1,"transform":[],"image":"assets\/231082\/2023\/12\/image_20231227171516658c5ba4e9c27.png","image_hash":"faf8c39ed65f6084412752ef4393537f9bd73a8d"},{"id":3009485,"parent_id":3009481,"name":"Layer 71","type":"image","x":121,"y":205,"visible":false,"tags":[],"opacity":1,"transform":[],"image":"assets\/231082\/2023\/12\/image_20231227171517658c5ba580e2b.png","image_hash":"fc63af56175b1c3e5ce1396cf6651ea6f1bec08d"},{"id":3009486,"parent_id":3009481,"name":"Layer 69","type":"image","x":118,"y":203,"visible":false,"tags":[],"opacity":1,"transform":[],"image":"assets\/231082\/2023\/12\/image_20231227171518658c5ba61346c.png","image_hash":"ba68d493a6e5efaafe01e65cc51a8641cd47c9fd"},{"id":3009487,"parent_id":3009481,"name":"Layer 54","type":"image","x":94,"y":190,"visible":false,"tags":[],"opacity":1,"transform":[],"image":"assets\/231082\/2023\/12\/image_20231227171518658c5ba6a5cb3.png","image_hash":"0666db1f9ae6be9faf13fd746a1b8be9aa7ad844"},{"id":3009488,"parent_id":3009481,"name":"Layer 52","type":"image","x":150,"y":156,"visible":false,"tags":[],"opacity":1,"transform":[],"image":"assets\/231082\/2023\/12\/image_20231227171519658c5ba73ac36.png","image_hash":"7be476d590aa0c0d03155c241d21dcf29c475fcc"},{"id":3009489,"parent_id":3009481,"name":"Layer 51","type":"image","x":45,"y":56,"visible":false,"tags":[],"opacity":1,"transform":[],"image":"assets\/231082\/2023\/12\/image_20231227171519658c5ba7c9177.png","image_hash":"72430ed8dc9509651a3a1c3602fd55f7b61a7c98"},{"id":3009490,"parent_id":3009481,"name":"Layer 50","type":"image","x":131,"y":168,"visible":false,"tags":[],"opacity":1,"transform":[],"image":"assets\/231082\/2023\/12\/image_20231227171520658c5ba860145.png","image_hash":"74c5a4aa22a0338fd238832d05778580f0837c72"},{"id":3009491,"parent_id":3009481,"name":"Layer 49","type":"image","x":131,"y":251,"visible":false,"tags":[],"opacity":1,"transform":[],"image":"assets\/231082\/2023\/12\/image_20231227171520658c5ba8ec395.png","image_hash":"717b41634b3d62a4e1954ede7dfed8487375024b"},{"id":3009492,"parent_id":3009481,"name":"Layer 48","type":"image","x":45,"y":172,"visible":false,"tags":[],"opacity":1,"transform":[],"image":"assets\/231082\/2023\/12\/image_20231227171521658c5ba977657.png","image_hash":"437e7390935a74195d90bff07d624bb3dd21c80a"},{"id":3009493,"parent_id":3009481,"name":"Layer 42","type":"image","x":83,"y":238,"visible":false,"tags":[],"opacity":1,"transform":[],"image":"assets\/231082\/2023\/12\/image_202312111051436576e9bf7004d.png","image_hash":"28c4901a7b7c44aa0b6cce15cdddfced6f83d5e0"},{"id":3009494,"parent_id":3009481,"name":"Layer 41","type":"image","x":85,"y":243,"visible":false,"tags":[],"opacity":1,"transform":[],"image":"assets\/231082\/2023\/12\/image_202312111051436576e9bfe73af.png","image_hash":"dbd659434a46d7c97817bce8a75b3a561a3817bc"},{"id":3009495,"parent_id":3009481,"name":"Layer 38","type":"image","x":152,"y":221,"visible":false,"tags":[],"opacity":1,"transform":[],"image":"assets\/231082\/2023\/12\/image_202312111051446576e9c07dee6.png","image_hash":"09a1532c066bb204f11d2cdc15cb599e1b8f10b5"},{"id":3009496,"parent_id":3009481,"name":"Layer 33","type":"image","x":110,"y":153,"visible":false,"tags":[],"opacity":1,"transform":[],"image":"assets\/231082\/2023\/12\/image_202312111051456576e9c10e8d8.png","image_hash":"0b90e9b1617ee8d8488af03e926996d5ca0fe7bc"},{"id":3009497,"parent_id":3009481,"name":"Layer 32","type":"image","x":227,"y":226,"visible":false,"tags":[],"opacity":1,"transform":[],"image":"assets\/231082\/2023\/12\/image_202312111051456576e9c18c148.png","image_hash":"7fbdf1d5b6ae5b080412f7acfe18abbb863824f8"},{"id":3009498,"parent_id":3009481,"name":"Layer 27","type":"image","x":73,"y":190,"visible":false,"tags":[],"opacity":1,"transform":[],"image":"assets\/231082\/2023\/12\/image_202312111051476576e9c309d37.png","image_hash":"5d8d96424c484f3001dc1d96cc975126a3d6990b"},{"id":3009499,"parent_id":3009481,"name":"Layer 26","type":"image","x":113,"y":184,"visible":false,"tags":[],"opacity":1,"transform":[],"image":"assets\/231082\/2023\/12\/image_202312111051476576e9c3991af.png","image_hash":"176ad9afb75622a6393ab54bf148d93841c3cbbe"},{"id":3009500,"parent_id":3009481,"name":"Layer 21","type":"image","x":94,"y":189,"visible":false,"tags":[],"opacity":1,"transform":[],"image":"assets\/231082\/2023\/12\/image_202312111051486576e9c47c6b3.png","image_hash":"0317f74116c967e9d5d4113249ad0d41d803f45f"},{"id":3009501,"parent_id":3009481,"name":"Layer 13","type":"image","x":99,"y":151,"visible":false,"tags":[],"opacity":1,"transform":[],"image":"assets\/231082\/2023\/12\/image_202312111051496576e9c540b90.png","image_hash":"f3262f79227e37d30bc43b694cd32a58ea709027"},{"id":3009502,"parent_id":3009481,"name":"Layer 12","type":"image","x":116,"y":143,"visible":false,"tags":[],"opacity":1,"transform":[],"image":"assets\/231082\/2023\/12\/image_202312111051496576e9c5ecef6.png","image_hash":"2bed7b2aa1922e96b95ac09b1b659331022ddc4b"},{"id":3009503,"parent_id":3009481,"name":"Layer 11","type":"image","x":122,"y":226,"visible":false,"tags":[],"opacity":1,"transform":[],"image":"assets\/231082\/2023\/12\/image_202312111051506576e9c68b3f1.png","image_hash":"ef8441b8ff90d996446b7be13b993d6de796af18"},{"id":3009504,"parent_id":3009481,"name":"Layer 5","type":"image","x":172,"y":193,"visible":false,"tags":[],"opacity":1,"transform":[],"image":"assets\/231082\/2023\/12\/image_202312111051516576e9c712a5b.png","image_hash":"560a1c956d461c98cd63dd96a62593ba67ad4378"},{"id":3009505,"parent_id":3009481,"name":"Layer 4","type":"image","x":122,"y":217,"visible":false,"tags":[],"opacity":1,"transform":[],"image":"assets\/231082\/2023\/12\/image_202312111051516576e9c7b14b7.png","image_hash":"8a9c1fa3769d136822ff2b304cc615ffa473e8cb"},{"id":3009506,"parent_id":3009481,"name":"Layer 3","type":"image","x":153,"y":168,"visible":false,"tags":[],"opacity":1,"transform":[],"image":"assets\/231082\/2023\/12\/image_202312111051526576e9c84ee56.png","image_hash":"8fbaa5de6939ce517b791c95bab258405b7ce07a"},{"id":3009507,"parent_id":3009481,"name":"Layer 2","type":"image","x":156,"y":200,"visible":false,"tags":[],"opacity":1,"transform":[],"image":"assets\/231082\/2023\/12\/image_202312111051526576e9c8dc016.png","image_hash":"dc9660049103ec79025b16811b3ce63f447a507b"}]},{"id":3009508,"parent_id":null,"name":"Misc","type":"category","x":43,"y":21,"visible":true,"tags":["mixed"],"opacity":1,"transform":[],"image":"assets\/231082\/2023\/12\/image_202312111051536576e9c9709ff.png","image_hash":"d03c8d669f1d3cdb7cae65d8c46f890f116e1a1d","children":[{"id":3009509,"parent_id":3009508,"name":"Layer 84","type":"image","x":124,"y":122,"visible":false,"tags":[],"opacity":1,"transform":[],"image":"assets\/231082\/2023\/12\/image_20231227171528658c5bb08bca9.png","image_hash":"6809bcf2d8ecb25150a38a4aec52bbbbffb2a3ea"},{"id":3009510,"parent_id":3009508,"name":"Layer 83","type":"image","x":74,"y":170,"visible":false,"tags":[],"opacity":1,"transform":[],"image":"assets\/231082\/2023\/12\/image_20231227171529658c5bb11f4c3.png","image_hash":"7b31ee7dc90f94e98bfb5aa358b8f835c2e05a94"},{"id":3009511,"parent_id":3009508,"name":"Layer 82","type":"image","x":163,"y":192,"visible":false,"tags":[],"opacity":1,"transform":[],"image":"assets\/231082\/2023\/12\/image_20231227171529658c5bb1c4314.png","image_hash":"c55e34ec941d14242e9fd8d5b0b503dc3c07253e"},{"id":3009512,"parent_id":3009508,"name":"Layer 81","type":"image","x":150,"y":388,"visible":false,"tags":[],"opacity":1,"transform":[],"image":"assets\/231082\/2023\/12\/image_20231227171530658c5bb261410.png","image_hash":"1aca282cc71e43ec0ebfb4b07f6571764c2a2929"},{"id":3009513,"parent_id":3009508,"name":"Layer 80","type":"image","x":43,"y":229,"visible":false,"tags":[],"opacity":1,"transform":[],"image":"assets\/231082\/2023\/12\/image_20231227171530658c5bb2de430.png","image_hash":"3889bec483f9b08e74d2d3e0757b9330dda16deb"},{"id":3009514,"parent_id":3009508,"name":"Layer 79","type":"image","x":67,"y":174,"visible":false,"tags":[],"opacity":1,"transform":[],"image":"assets\/231082\/2023\/12\/image_20231227171531658c5bb39eff1.png","image_hash":"75971b1d490da2471d09071ee0256977aadafe6c"},{"id":3009515,"parent_id":3009508,"name":"Layer 74","type":"image","x":64,"y":151,"visible":false,"tags":[],"opacity":1,"transform":[],"image":"assets\/231082\/2023\/12\/image_20231227171532658c5bb4f4053.png","image_hash":"0ae447d648132281b84b8e49f46dafa328dc6c3b"},{"id":3009516,"parent_id":3009508,"name":"Layer 66","type":"image","x":241,"y":192,"visible":false,"tags":[],"opacity":1,"transform":[],"image":"assets\/231082\/2023\/12\/image_20231227171533658c5bb59c8dd.png","image_hash":"3533cdcb32811ca4e3ad39adf1ac462022c06c0c"},{"id":3009517,"parent_id":3009508,"name":"Layer 55","type":"image","x":73,"y":219,"visible":false,"tags":[],"opacity":1,"transform":[],"image":"assets\/231082\/2023\/12\/image_20231227171534658c5bb63954d.png","image_hash":"48afd283b2ef313d6515512ca7be025778ced321"},{"id":3009518,"parent_id":3009508,"name":"Layer 70","type":"image","x":266,"y":226,"visible":false,"tags":[],"opacity":1,"transform":[],"image":"assets\/231082\/2023\/12\/image_20231227171534658c5bb6b7905.png","image_hash":"8c9e3f3b1bffde61658aa204a2bc3b4e96cde06a"},{"id":3009519,"parent_id":3009508,"name":"Layer 64","type":"image","x":354,"y":267,"visible":false,"tags":[],"opacity":1,"transform":[],"image":"assets\/231082\/2023\/12\/image_20231227171535658c5bb7403e7.png","image_hash":"26f601cc0e8a7241f42b0683df859645f106c960"},{"id":3009520,"parent_id":3009508,"name":"Layer 63","type":"image","x":354,"y":240,"visible":false,"tags":[],"opacity":1,"transform":[],"image":"assets\/231082\/2023\/12\/image_20231227171535658c5bb7d22c0.png","image_hash":"005a0ff4b0a75b3c9299cbf1ead668adf9dc8da9"},{"id":3009521,"parent_id":3009508,"name":"Layer 47","type":"image","x":294,"y":299,"visible":false,"tags":[],"opacity":1,"transform":[],"image":"assets\/231082\/2023\/12\/image_202312111051536576e9c9e7cb9.png","image_hash":"1cd83fc575869ee6c8b67c011c6d4ce8e472a724"},{"id":3009522,"parent_id":3009508,"name":"Layer 46","type":"image","x":80,"y":205,"visible":false,"tags":[],"opacity":1,"transform":[],"image":"assets\/231082\/2023\/12\/image_202312111051546576e9ca8210d.png","image_hash":"f6ad7f3fec6cc46a2fd571eedc984920861e04ef"},{"id":3009523,"parent_id":3009508,"name":"Layer 45","type":"image","x":181,"y":391,"visible":false,"tags":[],"opacity":1,"transform":[],"image":"assets\/231082\/2023\/12\/image_202312111051556576e9cb16b64.png","image_hash":"e7f3ae72742899ffb4aade1b536428d57a17e93b"},{"id":3009524,"parent_id":3009508,"name":"Layer 44","type":"image","x":309,"y":386,"visible":false,"tags":[],"opacity":1,"transform":[],"image":"assets\/231082\/2023\/12\/image_202312111051556576e9cb9a674.png","image_hash":"18cfa4165848ee93156f3ad5bc29aab375cbdd14"},{"id":3009525,"parent_id":3009508,"name":"Layer 37","type":"image","x":176,"y":388,"visible":false,"tags":[],"opacity":1,"transform":[],"image":"assets\/231082\/2023\/12\/image_202312111051566576e9cc33b08.png","image_hash":"f1a245e9a32004a8261c924f9154c39380c16c18"},{"id":3009526,"parent_id":3009508,"name":"Layer 36","type":"image","x":61,"y":192,"visible":false,"tags":[],"opacity":1,"transform":[],"image":"assets\/231082\/2023\/12\/image_202312111051566576e9ccd23fd.png","image_hash":"93b1b2f0f300edecec37eccf634be1205f5a5c68"},{"id":3009527,"parent_id":3009508,"name":"Layer 31","type":"image","x":63,"y":357,"visible":false,"tags":[],"opacity":1,"transform":[],"image":"assets\/231082\/2023\/12\/image_202312111051576576e9cd79e0c.png","image_hash":"05b06710d7432a24e83578c9717ea3578382f2e3"},{"id":3009528,"parent_id":3009508,"name":"Layer 9","type":"image","x":94,"y":229,"visible":false,"tags":[],"opacity":1,"transform":[],"image":"assets\/231082\/2023\/12\/image_202312111051586576e9ce08278.png","image_hash":"66e8e9c392851dc7de0c6c48bf7d15d2879040cc"},{"id":3009529,"parent_id":3009508,"name":"Layer 8","type":"image","x":106,"y":333,"visible":false,"tags":[],"opacity":1,"transform":[],"image":"assets\/231082\/2023\/12\/image_202312111051586576e9ce8c43c.png","image_hash":"5cbe97e8953121a455bd16c22e6ff9091d2098b0"}]},{"id":3009530,"parent_id":null,"name":"Capes","type":"category","x":177,"y":110,"visible":true,"tags":["optional"],"opacity":1,"transform":[],"image":"assets\/231082\/2023\/12\/image_202312111051596576e9cf27b1d.png","image_hash":"cd12c39b95e78040cb96b2377eb2c3683f3ad040","children":[{"id":3009531,"parent_id":3009530,"name":"Layer 68","type":"image","x":177,"y":330,"visible":false,"tags":[],"opacity":1,"transform":[],"image":"assets\/231082\/2023\/12\/image_20231227171540658c5bbc22abb.png","image_hash":"572c949308a5e7c742dcf410de4a91af25c90998"},{"id":3009532,"parent_id":3009530,"name":"Layer 17","type":"image","x":183,"y":331,"visible":false,"tags":[],"opacity":1,"transform":[],"image":"assets\/231082\/2023\/12\/image_202312111051596576e9cfc1847.png","image_hash":"b080c54b35ac18c5fc4278b4f105703c6ffe1c87"}]},{"id":3009533,"parent_id":null,"name":"Glasses","type":"category","x":68,"y":121,"visible":true,"tags":["optional"],"opacity":1,"transform":[],"image":"assets\/231082\/2023\/12\/image_202312111052006576e9d065bda.png","image_hash":"3b701bcd1b71cbe0a4ee70b1ab7f36fdf012cf78","children":[{"id":3009534,"parent_id":3009533,"name":"Layer 85","type":"image","x":112,"y":281,"visible":false,"tags":[],"opacity":1,"transform":[],"image":"assets\/231082\/2023\/12\/image_20231227171541658c5bbd82ef6.png","image_hash":"96d8f9bf917753c9ee10dee6c72e59a6cfa30a6a"},{"id":3009535,"parent_id":3009533,"name":"Layer 56","type":"image","x":87,"y":270,"visible":false,"tags":[],"opacity":1,"transform":[],"image":"assets\/231082\/2023\/12\/image_20231227171542658c5bbe2528d.png","image_hash":"c894fd9ba81cbb5335a156754a89656444f63f61"},{"id":3009536,"parent_id":3009533,"name":"Layer 23","type":"image","x":116,"y":299,"visible":false,"tags":[],"opacity":1,"transform":[],"image":"assets\/231082\/2023\/12\/image_202312111052006576e9d0e2109.png","image_hash":"7f868e149a9bc9d1c73dfff2613c4c9d81b24da0"},{"id":3009537,"parent_id":3009533,"name":"Layer 22","type":"image","x":121,"y":313,"visible":false,"tags":[],"opacity":1,"transform":[],"image":"assets\/231082\/2023\/12\/image_202312111052016576e9d176190.png","image_hash":"8de59605fbc3ae1be1c40b50630573c780d24c5a"},{"id":3009538,"parent_id":3009533,"name":"Layer 20","type":"image","x":125,"y":308,"visible":false,"tags":[],"opacity":1,"transform":[],"image":"assets\/231082\/2023\/12\/image_202312111052026576e9d20566c.png","image_hash":"af8fee9566628a774cd14640f33dc27a5cbd34e0"},{"id":3009539,"parent_id":3009533,"name":"Layer 15","type":"image","x":129,"y":334,"visible":false,"tags":[],"opacity":1,"transform":[],"image":"assets\/231082\/2023\/12\/image_202312111052026576e9d2a9c19.png","image_hash":"d6e3b70776b66f2f1e4a19bc209f0c78efc0bb5a"},{"id":3009540,"parent_id":3009533,"name":"Layer 14","type":"image","x":109,"y":308,"visible":false,"tags":[],"opacity":1,"transform":[],"image":"assets\/231082\/2023\/12\/image_202312111052036576e9d330e8e.png","image_hash":"c9562d26fd7b451f845ce041e0ea408d44041c87"}]},{"id":3009541,"parent_id":null,"name":"Shoes","type":"category","x":172,"y":56,"visible":true,"tags":["optional"],"opacity":1,"transform":[],"image":"assets\/231082\/2023\/12\/image_202312111052036576e9d3b3965.png","image_hash":"16c04d07d76a20883de0655d4cdff29528823779","children":[{"id":3009542,"parent_id":3009541,"name":"Layer 58","type":"image","x":218,"y":506,"visible":false,"tags":[],"opacity":1,"transform":[],"image":"assets\/231082\/2023\/12\/image_20231227171544658c5bc0c6922.png","image_hash":"7ac55ff2a92d92105115b92959239a670d8d6e72"},{"id":3009543,"parent_id":3009541,"name":"Layer 59","type":"image","x":227,"y":505,"visible":false,"tags":[],"opacity":1,"transform":[],"image":"assets\/231082\/2023\/12\/image_20231227171545658c5bc154200.png","image_hash":"b55fcda860f55fb0232c13e998e0a7f88a0918dc"},{"id":3009544,"parent_id":3009541,"name":"Layer 30","type":"image","x":212,"y":516,"visible":false,"tags":[],"opacity":1,"transform":[],"image":"assets\/231082\/2023\/12\/image_202312111052046576e9d44a7fe.png","image_hash":"ef08922d81d65031bc5522998749fe56420db720"},{"id":3009545,"parent_id":3009541,"name":"Layer 16","type":"image","x":223,"y":512,"visible":false,"tags":[],"opacity":1,"transform":[],"image":"assets\/231082\/2023\/12\/image_202312111052046576e9d4d437c.png","image_hash":"eea89b5f03ed24d82c2612af678624cbb6034760"}]},{"id":3009546,"parent_id":null,"name":"Neck","type":"category","x":45,"y":56,"visible":true,"tags":["optional"],"opacity":1,"transform":[],"image":"assets\/231082\/2023\/12\/image_202312111052056576e9d55fd49.png","image_hash":"dcbe0d3097e57ecdbf6b76bff4c9422c1252e015","children":[{"id":3009547,"parent_id":3009546,"name":"Layer 67","type":"image","x":178,"y":424,"visible":false,"tags":[],"opacity":1,"transform":[],"image":"assets\/231082\/2023\/12\/image_20231227171546658c5bc2dc4a6.png","image_hash":"e39c3eaee29bee59d3fb479cd7de239145c5e6ae"},{"id":3009548,"parent_id":3009546,"name":"Layer 62","type":"image","x":199,"y":441,"visible":false,"tags":[],"opacity":1,"transform":[],"image":"assets\/231082\/2023\/12\/image_20231227171547658c5bc38903c.png","image_hash":"e05a245e352c7518ffd1724bcbb387dbc9fc6d59"},{"id":3009549,"parent_id":3009546,"name":"Layer 10","type":"image","x":149,"y":434,"visible":false,"tags":[],"opacity":1,"transform":[],"image":"assets\/231082\/2023\/12\/image_202312111052056576e9d5e4841.png","image_hash":"b4fe54f52c5f7316dc45ecd4a7d87fb7c0fed91f"}]},{"id":3009550,"parent_id":null,"name":"eyebrows","type":"category","x":102,"y":19,"visible":true,"tags":["optional"],"opacity":1,"transform":[],"image":"assets\/231082\/2023\/12\/image_202312111052066576e9d66c4f6.png","image_hash":"f01ffc25029c6fd9326802a2163a3ef10710a46d","children":[{"id":3009551,"parent_id":3009550,"name":"Layer 7","type":"image","x":142,"y":323,"visible":false,"tags":[],"opacity":1,"transform":[],"image":"assets\/231082\/2023\/12\/image_202312111052066576e9d6e66f7.png","image_hash":"b93c8d50a7afe9ba51843e6a2834333a2d818a23"},{"id":3009552,"parent_id":3009550,"name":"Layer 6","type":"image","x":149,"y":320,"visible":false,"tags":[],"opacity":1,"transform":[],"image":"assets\/231082\/2023\/12\/image_202312111052066576e9d66c4f6.png","image_hash":"f01ffc25029c6fd9326802a2163a3ef10710a46d"}]},{"id":3009553,"parent_id":null,"name":"Face","type":"category","x":80,"y":151,"visible":true,"tags":["optional"],"opacity":1,"transform":[],"image":"assets\/231082\/2023\/12\/image_202312111052076576e9d7c1f36.png","image_hash":"a2626d514bde037739e1da31b1fdcd35cc85ff48","children":[{"id":3009554,"parent_id":3009553,"name":"Layer 76","type":"image","x":127,"y":312,"visible":false,"tags":[],"opacity":1,"transform":[],"image":"assets\/231082\/2023\/12\/image_20231227171549658c5bc5cf021.png","image_hash":"2945bb38814e45b1c3d03196071336cc3bb55169"},{"id":3009555,"parent_id":3009553,"name":"Layer 77","type":"image","x":107,"y":287,"visible":false,"tags":[],"opacity":1,"transform":[],"image":"assets\/231082\/2023\/12\/image_20231227171550658c5bc65ead6.png","image_hash":"26b462024468f9fc7c3b41f47f681aad46f3aeb3"},{"id":3009556,"parent_id":3009553,"name":"Layer 65","type":"image","x":156,"y":377,"visible":false,"tags":[],"opacity":1,"transform":[],"image":"assets\/231082\/2023\/12\/image_20231227171550658c5bc6e2dee.png","image_hash":"e030c1e2ea24c63a8e6e3f418f32488ba1ff0cd9"},{"id":3009557,"parent_id":3009553,"name":"Layer 43","type":"image","x":131,"y":314,"visible":false,"tags":[],"opacity":1,"transform":[],"image":"assets\/231082\/2023\/12\/image_202312111052086576e9d847f08.png","image_hash":"135cc08c6a8c3e9b5888c0e33af52708dc5df668"},{"id":3009558,"parent_id":3009553,"name":"Layer 24","type":"image","x":117,"y":318,"visible":false,"tags":[],"opacity":1,"transform":[],"image":"assets\/231082\/2023\/12\/image_202312111052086576e9d8c4697.png","image_hash":"2021379b03e6b28765ab5e49cb1b8fe993537749"},{"id":3009559,"parent_id":3009553,"name":"Layer 28","type":"image","x":117,"y":311,"visible":false,"tags":[],"opacity":1,"transform":[],"image":"assets\/231082\/2023\/12\/image_202312111052096576e9d959c56.png","image_hash":"fdaf12e7469699d839bb9f6891dd329a6b9cb77f"},{"id":3009560,"parent_id":3009553,"name":"Layer 25","type":"image","x":110,"y":314,"visible":false,"tags":[],"opacity":1,"transform":[],"image":"assets\/231082\/2023\/12\/image_202312111052096576e9d9e2528.png","image_hash":"bba8b172f51d2d081d8f115862f003e806dcef69"},{"id":3009561,"parent_id":3009553,"name":"Layer 19","type":"image","x":121,"y":314,"visible":false,"tags":[],"opacity":1,"transform":[],"image":"assets\/231082\/2023\/12\/image_202312111052106576e9da6daa8.png","image_hash":"adf5820517770eae5ab3e124b9095695b2a21ece"}]},{"id":3009562,"parent_id":null,"name":"Body","type":"category","x":185,"y":36,"visible":true,"tags":["optional"],"opacity":1,"transform":[],"image":"assets\/231082\/2023\/12\/image_202312111052106576e9dae7495.png","image_hash":"f711a8ed68d20bef47460b43177983ca566c2dd0","children":[{"id":3009563,"parent_id":3009562,"name":"Layer 61","type":"image","x":185,"y":324,"visible":false,"tags":[],"opacity":1,"transform":[],"image":"assets\/231082\/2023\/12\/image_20231227171553658c5bc99e723.png","image_hash":"c44c074a070ec747bb6b1d2df40a6a585a380540"},{"id":3009564,"parent_id":3009562,"name":"Layer 40","type":"image","x":220,"y":359,"visible":false,"tags":[],"opacity":1,"transform":[],"image":"assets\/231082\/2023\/12\/image_202312111052116576e9db98f97.png","image_hash":"37b4b4ee40ab0299be9887a6c95982baff56cec1"},{"id":3009565,"parent_id":3009562,"name":"Layer 60","type":"image","x":190,"y":332,"visible":false,"tags":[],"opacity":1,"transform":[],"image":"assets\/231082\/2023\/12\/image_20231227171554658c5bcaa27a6.png","image_hash":"d8ff7560bde01fb4f20d2fe5039020abd5233c4c"},{"id":3009566,"parent_id":3009562,"name":"Layer 39","type":"image","x":202,"y":352,"visible":false,"tags":[],"opacity":1,"transform":[],"image":"assets\/231082\/2023\/12\/image_202312111052126576e9dc2bee5.png","image_hash":"e836e64216b3ea0a2f9c3090d1b1b7366da9106c"}]},{"id":3009567,"parent_id":null,"name":"Sheep","type":"category","x":14,"y":13,"visible":true,"tags":["fixed"],"opacity":1,"transform":[],"image":"assets\/231082\/2023\/12\/image_202312111052126576e9dcc3eff.png","image_hash":"48317f05de213c2bb0d223c3a2b58eb7606eeba4","children":[{"id":3009568,"parent_id":3009567,"name":"Thick","type":"image","x":85,"y":226,"visible":true,"tags":[],"opacity":1,"transform":[],"image":"assets\/231082\/2023\/12\/image_202312111052136576e9dd7b4c7.png","image_hash":"1b3f01b58dee6e1597b5ccab032871414e6bf2f4"},{"id":3009569,"parent_id":3009567,"name":"Thin","type":"image","x":85,"y":251,"visible":false,"tags":[],"opacity":1,"transform":[],"image":"assets\/231082\/2023\/12\/image_202312111052146576e9de29a05.png","image_hash":"62c5e1c21ea6b7e810656044dfcd8d289d4de950"},{"id":3009570,"parent_id":3009567,"name":"Furless","type":"image","x":85,"y":253,"visible":false,"tags":[],"opacity":1,"transform":[],"image":"assets\/231082\/2023\/12\/image_202312111052146576e9debeead.png","image_hash":"fec371ef7c767741d5f4028dab96a587d4e4e1fa"}]},{"id":3009571,"parent_id":null,"name":"#WatamateWardrobe","type":"image","x":9,"y":751,"visible":true,"tags":[],"opacity":1,"transform":[],"image":"assets\/231082\/2023\/12\/image_20231227171557658c5bcdba33d.png","image_hash":"2ee6f14ce82dbdf44c3186c1b794666c052f925e"},{"id":3009572,"parent_id":null,"name":"Show off your Watamate with \u308f\u305f\u3081\u3044\u3068\u3092\u81ea\u6162\u3057\u3088\u3046","type":"image","x":22,"y":710,"visible":true,"tags":[],"opacity":1,"transform":[],"image":"assets\/231082\/2023\/12\/image_20231227171558658c5bce60ccc.png","image_hash":"491fc33e1bf192100448a21ca93d9bec201be072"},{"id":3009573,"parent_id":null,"name":"Layer 1","type":"image","x":279,"y":709,"visible":true,"tags":[],"opacity":1,"transform":[],"image":"assets\/231082\/2023\/12\/image_20231227171558658c5bcee2fd1.png","image_hash":"dfca6acdc8317fbdd226b4cba5a15498f2d0d4d0"},{"id":3009574,"parent_id":null,"name":"Background","type":"image","x":0,"y":0,"visible":true,"tags":[],"opacity":1,"transform":[],"image":"assets\/231082\/2023\/12\/image_202312111052156576e9dfedaec.png","image_hash":"f17cd4e87431bdef21b20f0852aac709f280e81d"}]